nom,categorie
Acorn Squash,vegetable
Artichoke,vegetable
Arugula,vegetable
Asparagus,vegetable
Bamboo Shoots,vegetable
Beetroot,vegetable
Bell Pepper,vegetable
Bok Choy,vegetable
Broccoli,vegetable
Broccolini,vegetable
Brussels Sprouts,vegetable
Butterhead Lettuce,vegetable
Butternut Squash,vegetable
Button Mushroom,vegetable
Cabbage,vegetable
Carrot,vegetable
Cassava,vegetable
Cauliflower,vegetable
Celery,vegetable
Celeriac,vegetable
Cherry Tomato,vegetable
Chicory,vegetable
Chili Pepper,vegetable
Chives,vegetable
Collard Greens,vegetable
Corn,vegetable
Cucumber,vegetable
Daikon,vegetable
Delicata Squash,vegetable
Eggplant,vegetable
Endive,vegetable
Enoki,vegetable
Fennel,vegetable
Garlic,vegetable
Golden Beet,vegetable
Green Beans,vegetable
Habanero,vegetable
Heirloom Tomato,vegetable
Horseradish,vegetable
Iceberg Lettuce,vegetable
Jalapeño,vegetable
Jerusalem Artichoke,vegetable
Kale,vegetable
King Oyster Mushroom,vegetable
Kohlrabi,vegetable
Leek,vegetable
Lettuce,vegetable
Morel,vegetable
Mustard Greens,vegetable
Napa Cabbage,vegetable
Oyster Mushroom,vegetable
Okra,vegetable
Onion,vegetable
Parsnip,vegetable
Peas,vegetable
Poblano,vegetable
Portobello,vegetable
Potato,vegetable
Pumpkin,vegetable
Radish,vegetable
Red Cabbage,vegetable
Red Onion,vegetable
Romaine Lettuce,vegetable
Romanesco,vegetable
Rutabaga,vegetable
Salsify,vegetable
Savoy Cabbage,vegetable
Serrano,vegetable
Shallot,vegetable
Shiitake,vegetable
Snow Peas,vegetable
Sorrel,vegetable
Spaghetti Squash,vegetable
Spinach,vegetable
Spring Onion,vegetable
Sugar Snap Peas,vegetable
Sweet Potato,vegetable
Swiss Chard,vegetable
Tomato,vegetable
Turnip,vegetable
Watercress,vegetable
Wax Beans,vegetable
White Onion,vegetable
Yellow Onion,vegetable
Yam,vegetable
Zucchini,vegetable
Abiu,fruit
Acai,fruit
Ackee,fruit
African Horned Cucumber,fruit
Ambarella,fruit
Apple,fruit
Apricot,fruit
Aronia,fruit
Atemoya,fruit
Avocado,fruit
Bael,fruit
Banana,fruit
Barberry,fruit
Bergamot,fruit
Bignay,fruit
Bilberry,fruit
Black Sapote,fruit
Blackberry,fruit
Blackcurrant,fruit
Blood Orange,fruit
Blueberry,fruit
Boysenberry,fruit
Breadfruit,fruit
Breadnut,fruit
Buddha’s Hand,fruit
Calamansi,fruit
Canary Melon,fruit
Canistel,fruit
Cantaloupe,fruit
Carambola,fruit
Cempedak,fruit
Cherimoya,fruit
Cherry,fruit
Chico Fruit,fruit
Citron,fruit
Clementine,fruit
Cloudberry,fruit
Coconut,fruit
Crenshaw Melon,fruit
Cranberry,fruit
Crowberry,fruit
Cupuaçu,fruit
Currant,fruit
Damson,fruit
Date,fruit
Desert Lime,fruit
Dragonfruit,fruit
Durian,fruit
Elderberry,fruit
Feijoa,fruit
Fig,fruit
Finger Lime,fruit
Gac,fruit
Galia Melon,fruit
Genip,fruit
Goji Berry,fruit
Gooseberry,fruit
Grape,fruit
Grapefruit,fruit
Greengage,fruit
Graviola,fruit
Guava,fruit
Hackberry,fruit
Hog Plum,fruit
Honeydew,fruit
Huckleberry,fruit
Ice Cream Bean,fruit
Illawarra Plum,fruit
Indian Almond,fruit
Indian Fig,fruit
Indian Gooseberry,fruit
Jabuticaba,fruit
Jackfruit,fruit
Jujube,fruit
Juniper Berry,fruit
Kaffir Plum,fruit
Kei Apple,fruit
Key Lime,fruit
Kiwi,fruit
Kumquat,fruit
Langsat,fruit
Lemon,fruit
Lilly Pilly,fruit
Lime,fruit
Lingonberry,fruit
Longan,fruit
Loquat,fruit
Lucuma,fruit
Lychee,fruit
Makrut Lime,fruit
Malay Apple,fruit
Mammee Apple,fruit
Mandarin,fruit
Mangaba,fruit
Mango,fruit
Mangosteen,fruit
Marang,fruit
Mayapple,fruit
Medlar,fruit
Mirabelle,fruit
Miracle Fruit,fruit
Monstera Fruit,fruit
Mountain Apple,fruit
Mountain Pepper Berry,fruit
Mulberry,fruit
Natal Plum,fruit
Nectarine,fruit
Noni,fruit
Olive,fruit
Orange,fruit
Papaya,fruit
Passionfruit,fruit
Peach,fruit
Pear,fruit
Pequi,fruit
Pepino,fruit
Persimmon,fruit
Pineapple,fruit
Pitanga,fruit
Plum,fruit
Pomegranate,fruit
Pomelo,fruit
Pulasan,fruit
Quince,fruit
Rambutan,fruit
Raspberry,fruit
Rowan Berry,fruit
Salmonberry,fruit
Santa Claus Melon,fruit
Santol,fruit
Sapodilla,fruit
Sea Buckthorn,fruit
Serviceberry,fruit
Seville Orange,fruit
Soursop,fruit
Strawberry,fruit
Sugar Apple,fruit
Sudachi,fruit
Tamarillo,fruit
Tamarind,fruit
Tangerine,fruit
Ume,fruit
Velvet Apple,fruit
Wampee,fruit
Watermelon,fruit
Winter Melon,fruit
Wood Apple,fruit
Yuzu,fruit
Abats,meat
Abiu,meat
Ahi Tuna,meat
Alligator,meat
Alpaca,meat
Andouille,meat
Andouillette,meat
Antelope,meat
Anticuchos,meat
Bacon,meat
Baeckeoffe,meat
Barbacoa,meat
Beef,meat
Beef Brisket,meat
Beef Cheeks,meat
Beef Heart,meat
Beef Kidney,meat
Beef Liver,meat
Beef Ribs,meat
Beef Shank,meat
Beef Short Ribs,meat
Beef Tongue,meat
Beef Tripe,meat
Biltong,meat
Bison,meat
Black Pudding,meat
Blood Sausage,meat
Boar,meat
Bologna,meat
Boudin,meat
Boudin Noir,meat
Brain,meat
Bratwurst,meat
Bresaola,meat
Buffalo,meat
Bulgogi,meat
Cabrito,meat
Camel,meat
Capicola,meat
Caribou,meat
Carne Asada,meat
Cevapi,meat
Chicken,meat
Chicken Breast,meat
Chicken Drumstick,meat
Chicken Feet,meat
Chicken Gizzard,meat
Chicken Heart,meat
Chicken Liver,meat
Chicken Thigh,meat
Chicken Wings,meat
Chistorra,meat
Chitterlings,meat
Chorizo,meat
Coq au Vin,meat
Coppa,meat
Corned Beef,meat
Cotechino,meat
Cotto,meat
Crocodile,meat
Curry Goat,meat
Debreceni,meat
Deer,meat
Duck,meat
Duck Breast,meat
Duck Confit,meat
Duck Gizzard,meat
Duck Heart,meat
Duck Liver,meat
Elk,meat
Emu,meat
Escargot,meat
Feijoada,meat
Foie Gras,meat
Frankfurter,meat
Frog Legs,meat
Galantine,meat
Goat,meat
Goat Brain,meat
Goat Heart,meat
Goat Kidney,meat
Goat Liver,meat
Goat Tripe,meat
Goose,meat
Goose Liver,meat
Ground Beef,meat
Ground Chicken,meat
Ground Lamb,meat
Ground Pork,meat
Guanciale,meat
Guinea Fowl,meat
Gyro,meat
Haggis,meat
Ham,meat
Hare,meat
Heart,meat
Horse,meat
Hot Dog,meat
Iberico Pork,meat
Jerky,meat
Jambalaya,meat
Jamón,meat
Jamón Ibérico,meat
Kabanos,meat
Kangaroo,meat
Kassler,meat
Kebab,meat
Kid,meat
Kidney,meat
Kielbasa,meat
Kofta,meat
Lahmacun,meat
Lamb,meat
Lamb Brain,meat
Lamb Chops,meat
Lamb Heart,meat
Lamb Kidney,meat
Lamb Leg,meat
Lamb Liver,meat
Lamb Shank,meat
Lamb Sweetbread,meat
Leberwurst,meat
Liver,meat
Liverwurst,meat
Llama,meat
Longaniza,meat
Lomo,meat
Loukaniko,meat
Merguez,meat
Mortadella,meat
Moose,meat
Mutton,meat
Ossobuco,meat
Ostrich,meat
Oxtail,meat
Pancetta,meat
Partridge,meat
Pastrami,meat
Pâté,meat
Peking Duck,meat
Pepperoni,meat
Pheasant,meat
Pigeon,meat
Pork,meat
Pork Belly,meat
Pork Brain,meat
Pork Chop,meat
Pork Ears,meat
Pork Heart,meat
Pork Kidney,meat
Pork Loin,meat
Pork Ribs,meat
Pork Shoulder,meat
Pork Skin,meat
Pork Snout,meat
Pork Tongue,meat
Pork Trotters,meat
Porchetta,meat
Prosciutto,meat
Quail,meat
Rabbit,meat
Rabbit Liver,meat
Raccoon,meat
Ragu,meat
Reindeer,meat
Rocky Mountain Oysters,meat
Salami,meat
Saltimbocca,meat
Saucisson,meat
Sauerbraten,meat
Schnitzel,meat
Shark,meat
Shawarma,meat
Sheep Head,meat
Sheep Tongue,meat
Snail,meat
Soppressata,meat
Spam,meat
Spleen,meat
Squab,meat
Steak,meat
Steak Tartare,meat
Sweetbread,meat
Sujuk,meat
Tandoori Chicken,meat
Terrine,meat
Thymus,meat
Tikka,meat
Tocino,meat
Tongue,meat
Tripe,meat
Turkey,meat
Turkey Breast,meat
Turkey Heart,meat
Turkey Leg,meat
Turkey Liver,meat
Turtle,meat
Veal,meat
Veal Brain,meat
Veal Chop,meat
Veal Kidney,meat
Veal Shank,meat
Venison,meat
Wallaby,meat
Wagyu,meat
Weisswurst,meat
Wild Boar,meat
Yak,meat
Zebra,meat
Abalone,seafood
Albacore,seafood
Amberjack,seafood
Anchovy,seafood
Arctic Char,seafood
Barracuda,seafood
Basa,seafood
Bay Scallops,seafood
Black Cod,seafood
Blue Crab,seafood
Bluefish,seafood
Branzino,seafood
Calamari,seafood
Carp,seafood
Catfish,seafood
Caviar,seafood
Chilean Sea Bass,seafood
Clam,seafood
Cockle,seafood
Cod,seafood
Conch,seafood
Crawfish,seafood
Crab,seafood
Crayfish,seafood
Cuttlefish,seafood
Dab,seafood
Dorado,seafood
Eel,seafood
Flounder,seafood
Flying Fish,seafood
Grouper,seafood
Haddock,seafood
Hake,seafood
Halibut,seafood
Herring,seafood
King Crab,seafood
Kingfish,seafood
Langoustine,seafood
Limpet,seafood
Lingcod,seafood
Lobster,seafood
Mackerel,seafood
Mahi Mahi,seafood
Mantis Shrimp,seafood
Monkfish,seafood
Mussels,seafood
Octopus,seafood
Oyster,seafood
Pacific Cod,seafood
Pacific Halibut,seafood
Perch,seafood
Pickerel,seafood
Pollock,seafood
Pompano,seafood
Prawn,seafood
Razor Clam,seafood
Red Snapper,seafood
Rockfish,seafood
Roe,seafood
Sablefish,seafood
Salmon,seafood
Sardine,seafood
Scallops,seafood
Sea Bass,seafood
Sea Bream,seafood
Sea Cucumber,seafood
Sea Urchin,seafood
Shad,seafood
Shark,seafood
Shrimp,seafood
Skate,seafood
Smelt,seafood
Snail,seafood
Soft Shell Crab,seafood
Sole,seafood
Squid,seafood
Surimi,seafood
Swordfish,seafood
Tilapia,seafood
Tilefish,seafood
Trout,seafood
Tuna,seafood
Turbot,seafood
Wahoo,seafood
Whitefish,seafood
Whiting,seafood
Yellowtail,seafood
Ayran,dairy
Beurre,dairy
Beurre Demi-Sel,dairy
Beurre Salé,dairy
Beurre Doux,dairy
Blue Cheese,dairy
Brie,dairy
Burrata,dairy
Buttermilk,dairy
Camembert,dairy
Casein,dairy
Cheddar,dairy
Cheese,dairy
Clotted Cream,dairy
Colby,dairy
Comté,dairy
Cottage Cheese,dairy
Cream,dairy
Cream Cheese,dairy
Crème Fraîche,dairy
Curd,dairy
Custard,dairy
Edam,dairy
Emmental,dairy
Evaporated Milk,dairy
Feta,dairy
Fromage Blanc,dairy
Ghee,dairy
Goat Cheese,dairy
Gorgonzola,dairy
Gouda,dairy
Greek Yogurt,dairy
Gruyère,dairy
Halloumi,dairy
Heavy Cream,dairy
Kefir,dairy
Labneh,dairy
Lactose-Free Milk,dairy
Lassi,dairy
Mascarpone,dairy
Milk,dairy
Milk Powder,dairy
Monterey Jack,dairy
Mozzarella,dairy
Neufchâtel,dairy
Paneer,dairy
Parmesan,dairy
Pecorino,dairy
Processed Cheese,dairy
Provolone,dairy
Quark,dairy
Raclette,dairy
Ricotta,dairy
Romano,dairy
Roquefort,dairy
Sour Cream,dairy
Skim Milk,dairy
String Cheese,dairy
Sweetened Condensed Milk,dairy
Swiss Cheese,dairy
Taleggio,dairy
UHT Milk,dairy
Whey,dairy
Whipped Cream,dairy
Whole Milk,dairy
Yogurt,dairy
Amaranth,grains&carbs
Arepa,grains&carbs
Bagel,grains&carbs
Baguette,grains&carbs
Barley,grains&carbs
Basmati Rice,grains&carbs
Basmati Brown Rice,grains&carbs
Black Rice,grains&carbs
Bread,grains&carbs
Bread Crumbs,grains&carbs
Breadsticks,grains&carbs
Brown Rice,grains&carbs
Buckwheat,grains&carbs
Bulgur,grains&carbs
Bun,grains&carbs
Cereal,grains&carbs
Chapati,grains&carbs
Ciabatta,grains&carbs
Cornbread,grains&carbs
Cornflakes,grains&carbs
Cornmeal,grains&carbs
Cornstarch,grains&carbs
Couscous,grains&carbs
Crackers,grains&carbs
Croissant,grains&carbs
Croutons,grains&carbs
Durum,grains&carbs
Egg Noodles,grains&carbs
Farina,grains&carbs
Farfalle,grains&carbs
Fettuccine,grains&carbs
Flour,grains&carbs
Flour Tortilla,grains&carbs
Focaccia,grains&carbs
Freekeh,grains&carbs
Fried Rice,grains&carbs
Fusilli,grains&carbs
Gnocchi,grains&carbs
Granola,grains&carbs
Hominy,grains&carbs
Jasmine Rice,grains&carbs
Kamut,grains&carbs
Lasagna Sheets,grains&carbs
Linguine,grains&carbs
Macaroni,grains&carbs
Millet,grains&carbs
Multigrain Bread,grains&carbs
Naan,grains&carbs
Noodles,grains&carbs
Oat Bran,grains&carbs
Oat Flour,grains&carbs
Oats,grains&carbs
Orzo,grains&carbs
Pancake Mix,grains&carbs
Pappardelle,grains&carbs
Penne,grains&carbs
Pita,grains&carbs
Pizza Dough,grains&carbs
Polenta,grains&carbs
Porridge,grains&carbs
Pretzel,grains&carbs
Quinoa,grains&carbs
Ramen,grains&carbs
Ravioli,grains&carbs
Rice,grains&carbs
Rice Flour,grains&carbs
Rice Noodles,grains&carbs
Rice Paper,grains&carbs
Rigatoni,grains&carbs
Risotto Rice,grains&carbs
Rye,grains&carbs
Rye Bread,grains&carbs
Sago,grains&carbs
Scone,grains&carbs
Semolina,grains&carbs
Soba,grains&carbs
Sorghum,grains&carbs
Spaghetti,grains&carbs
Spelt,grains&carbs
Tagliatelle,grains&carbs
Tapioca,grains&carbs
Tortellini,grains&carbs
Tortilla,grains&carbs
Udon,grains&carbs
Vermicelli,grains&carbs
Waffle,grains&carbs
White Rice,grains&carbs
Whole Wheat Flour,grains&carbs
Whole Wheat Pasta,grains&carbs
Wild Rice,grains&carbs
Adzuki Beans,legumes&plantproteins
Anasazi Beans,legumes&plantproteins
Azuki Beans,legumes&plantproteins
Bambara Beans,legumes&plantproteins
Black Beans,legumes&plantproteins
Black Chickpeas,legumes&plantproteins
Black-Eyed Peas,legumes&plantproteins
Borlotto Beans,legumes&plantproteins
Broad Beans,legumes&plantproteins
Brown Lentils,legumes&plantproteins
Butter Beans,legumes&plantproteins
Cannellini Beans,legumes&plantproteins
Chana Dal,legumes&plantproteins
Chickpeas,legumes&plantproteins
Cowpeas,legumes&plantproteins
Cranberry Beans,legumes&plantproteins
Edamame,legumes&plantproteins
Fava Beans,legumes&plantproteins
Flageolet Beans,legumes&plantproteins
French Lentils,legumes&plantproteins
Great Northern Beans,legumes&plantproteins
Green Lentils,legumes&plantproteins
Green Peas,legumes&plantproteins
Horse Gram,legumes&plantproteins
Kidney Beans,legumes&plantproteins
Lentils,legumes&plantproteins
Lima Beans,legumes&plantproteins
Lupini Beans,legumes&plantproteins
Marrow Beans,legumes&plantproteins
Miso,legumes&plantproteins
Moth Beans,legumes&plantproteins
Mung Beans,legumes&plantproteins
Mung Dal,legumes&plantproteins
Natto,legumes&plantproteins
Navy Beans,legumes&plantproteins
Pigeon Peas,legumes&plantproteins
Pink Beans,legumes&plantproteins
Pinto Beans,legumes&plantproteins
Red Beans,legumes&plantproteins
Red Lentils,legumes&plantproteins
Red Split Lentils,legumes&plantproteins
Refried Beans,legumes&plantproteins
Seitan,legumes&plantproteins
Snow Peas,legumes&plantproteins
Soy Flour,legumes&plantproteins
Soy Milk,legumes&plantproteins
Soy Protein,legumes&plantproteins
Soybeans,legumes&plantproteins
Split Peas,legumes&plantproteins
Tempeh,legumes&plantproteins
Textured Vegetable Protein,legumes&plantproteins
Tofu,legumes&plantproteins
White Beans,legumes&plantproteins
Yellow Lentils,legumes&plantproteins
Acorn,nuts&seeds
Almond,nuts&seeds
Baru Nut,nuts&seeds
Beech Nut,nuts&seeds
Black Sesame Seed,nuts&seeds
Brazil Nut,nuts&seeds
Breadnut,nuts&seeds
Butternut,nuts&seeds
Candlenut,nuts&seeds
Cashew,nuts&seeds
Chia Seed,nuts&seeds
Chestnut,nuts&seeds
Coconut,nuts&seeds
Cola Nut,nuts&seeds
Coriander Seed,nuts&seeds
Cumin Seed,nuts&seeds
Flaxseed,nuts&seeds
Ginkgo Nut,nuts&seeds
Hazelnut,nuts&seeds
Hemp Seed,nuts&seeds
Hickory Nut,nuts&seeds
Kola Nut,nuts&seeds
Linseed,nuts&seeds
Lotus Seed,nuts&seeds
Macadamia,nuts&seeds
Mahua Seed,nuts&seeds
Mustard Seed,nuts&seeds
Nigella Seed,nuts&seeds
Pecan,nuts&seeds
Peanut,nuts&seeds
Pili Nut,nuts&seeds
Pine Nut,nuts&seeds
Pistachio,nuts&seeds
Poppy Seed,nuts&seeds
Pumpkin Seed,nuts&seeds
Safflower Seed,nuts&seeds
Sesame Seed,nuts&seeds
Shea Nut,nuts&seeds
Sunflower Seed,nuts&seeds
Tiger Nut,nuts&seeds
Watermelon Seed,nuts&seeds
Ajwain Leaf,herbs
Angelica,herbs
Anise Hyssop,herbs
Basil,herbs
Bay Leaf,herbs
Bergamot,herbs
Boldo,herbs
Borage,herbs
Burnet,herbs
Caraway Leaves,herbs
Catnip,herbs
Chervil,herbs
Chicory Leaves,herbs
Chives,herbs
Cilantro,herbs
Cress,herbs
Culantro,herbs
Curry Leaves,herbs
Dill,herbs
Epazote,herbs
Fennel Fronds,herbs
Fenugreek Leaves,herbs
Garlic Chives,herbs
Holy Basil,herbs
Hyssop,herbs
Italian Parsley,herbs
Kaffir Lime Leaves,herbs
Lemon Balm,herbs
Lemon Grass,herbs
Lemon Verbena,herbs
Lovage,herbs
Marjoram,herbs
Mexican Oregano,herbs
Mint,herbs
Mitsuba,herbs
Mugwort,herbs
Oregano,herbs
Parsley,herbs
Perilla,herbs
Purslane,herbs
Ramp Leaves,herbs
Rosemary,herbs
Rue,herbs
Sage,herbs
Savory,herbs
Shiso,herbs
Sorrel,herbs
Summer Savory,herbs
Tarragon,herbs
Thai Basil,herbs
Thyme,herbs
Vietnamese Coriander,herbs
Wasabi Leaves,herbs
Wild Garlic,herbs
Winter Savory,herbs
Ajwain,spices
Allspice,spices
Amchur,spices
Anardana,spices
Anise,spices
Annatto,spices
Asafoetida,spices
Bay Leaf Powder,spices
Berbere,spices
Black Cardamom,spices
Black Pepper,spices
Caraway,spices
Cardamom,spices
Cassia,spices
Cayenne Pepper,spices
Celery Seed,spices
Chili Flakes,spices
Chili Powder,spices
Chipotle Powder,spices
Cinnamon,spices
Clove,spices
Coriander,spices
Cubeb Pepper,spices
Cumin,spices
Curry Powder,spices
Dried Garlic,spices
Fennel Seed,spices
Fenugreek,spices
Five Spice Powder,spices
Galangal,spices
Garlic Powder,spices
Ginger,spices
Grains of Paradise,spices
Green Cardamom,spices
Juniper Berry,spices
Kala Namak,spices
Kashmiri Chili,spices
Mustard Seed,spices
Nigella Seed,spices
Nutmeg,spices
Onion Powder,spices
Paprika,spices
Pink Peppercorn,spices
Poppy Seed,spices
Ras el Hanout,spices
Saffron,spices
Salt,spices
Sichuan Pepper,spices
Smoked Paprika,spices
Star Anise,spices
Sumac,spices
Tamarind Powder,spices
Tandoori Masala,spices
Turmeric,spices
White Pepper,spices
Za’atar,spices
Ajvar,sauces&condiments
Alfredo Sauce,sauces&condiments
Apple Butter,sauces&condiments
Apple Cider Vinegar,sauces&condiments
Barbecue Sauce,sauces&condiments
Balsamic Glaze,sauces&condiments
Balsamic Vinegar,sauces&condiments
Béarnaise,sauces&condiments
Bechamel,sauces&condiments
Black Vinegar,sauces&condiments
Blue Cheese Dressing,sauces&condiments
Brown Sauce,sauces&condiments
Brown Sugar,sauces&condiments
Buffalo Sauce,sauces&condiments
Butter Sauce,sauces&condiments
Caesar Dressing,sauces&condiments
Caramel Sauce,sauces&condiments
Chili Garlic Sauce,sauces&condiments
Chili Oil,sauces&condiments
Chimichurri,sauces&condiments
Chocolate Syrup,sauces&condiments
Chutney,sauces&condiments
Cocktail Sauce,sauces&condiments
Coconut Aminos,sauces&condiments
Cranberry Sauce,sauces&condiments
Cream Sauce,sauces&condiments
Dijon Mustard,sauces&condiments
Duck Sauce,sauces&condiments
Enchilada Sauce,sauces&condiments
Fish Sauce,sauces&condiments
Garlic Sauce,sauces&condiments
Ghee,sauces&condiments
Glaze,sauces&condiments
Gochujang,sauces&condiments
Gravy,sauces&condiments
Green Goddess Dressing,sauces&condiments
Harissa,sauces&condiments
Hoisin Sauce,sauces&condiments
Honey,sauces&condiments
Honey Mustard,sauces&condiments
Hot Sauce,sauces&condiments
HP Sauce,sauces&condiments
Italian Dressing,sauces&condiments
Ketchup,sauces&condiments
Kewpie Mayo,sauces&condiments
Maple Syrup,sauces&condiments
Marinara Sauce,sauces&condiments
Mayonnaise,sauces&condiments
Miso Paste,sauces&condiments
Molasses,sauces&condiments
Mustard,sauces&condiments
Olive Oil,sauces&condiments
Oyster Sauce,sauces&condiments
Pesto,sauces&condiments
Picante Sauce,sauces&condiments
Ponzu,sauces&condiments
Ranch Dressing,sauces&condiments
Red Wine Vinegar,sauces&condiments
Relish,sauces&condiments
Rice Vinegar,sauces&condiments
Salsa,sauces&condiments
Salsa Verde,sauces&condiments
Satay Sauce,sauces&condiments
Sesame Oil,sauces&condiments
Soy Sauce,sauces&condiments
Sriracha,sauces&condiments
Steak Sauce,sauces&condiments
Sweet and Sour Sauce,sauces&condiments
Sweet Chili Sauce,sauces&condiments
Tabasco,sauces&condiments
Tahini,sauces&condiments
Tamari,sauces&condiments
Tartar Sauce,sauces&condiments
Teriyaki Sauce,sauces&condiments
Thousand Island Dressing,sauces&condiments
Tomato Paste,sauces&condiments
Tomato Sauce,sauces&condiments
Vinegar,sauces&condiments
Wasabi Paste,sauces&condiments
White Vinegar,sauces&condiments
Worcestershire Sauce,sauces&condiments
Yogurt Sauce,sauces&condiments
Active Dry Yeast,banking
Agar Agar,banking
Almond Extract,banking
Almond Flour,banking
Amaranth Flour,banking
Ammonium Bicarbonate,banking
Arrowroot Flour,banking
Atta Flour,banking
Baking Ammonia,banking
Baking Powder,banking
Baking Soda,banking
Barley Flour,banking
Besan,banking
Black Cocoa Powder,banking
Bread Flour,banking
Brown Rice Flour,banking
Buckwheat Flour,banking
Buttermilk Powder,banking
Cake Flour,banking
Candied Citrus Peel,banking
Carob Powder,banking
Cassava Flour,banking
Caster Sugar,banking
Chestnut Flour,banking
Chickpea Flour,banking
Chocolate Chips,banking
Cocoa Butter,banking
Cocoa Nibs,banking
Cocoa Powder,banking
Coconut Flour,banking
Confectioners’ Sugar,banking
Corn Flour,banking
Cornmeal,banking
Cornstarch,banking
Cream of Tartar,banking
Dark Chocolate,banking
Date Sugar,banking
Demerara Sugar,banking
Desiccated Coconut,banking
Diastatic Malt Powder,banking
Double Acting Baking Powder,banking
Dry Milk Powder,banking
Durum Flour,banking
Edible Gold Leaf,banking
Edible Silver Leaf,banking
Emmer Flour,banking
Espresso Powder,banking
Evaporated Milk Powder,banking
Farina,banking
Fava Bean Flour,banking
Fondant,banking
Food Coloring,banking
Fresh Yeast,banking
Fructose,banking
Gelatin,banking
Ghee,banking
Glucose Syrup,banking
Glutinous Rice Flour,banking
Golden Syrup,banking
Graham Flour,banking
Granulated Sugar,banking
Grape Must,banking
Hazelnut Flour,banking
Honey,banking
Honey Powder,banking
Icing Sugar,banking
Invert Sugar,banking
Kamut Flour,banking
Lard,banking
Lecithin,banking
Lemon Extract,banking
Mace,banking
Malt Extract,banking
Malt Syrup,banking
Maltodextrin,banking
Maple Sugar,banking
Marzipan,banking
Masarepa,banking
Masa Harina,banking
Millet Flour,banking
Milk Chocolate,banking
Molasses,banking
Monk Fruit Sweetener,banking
Nut Flour,banking
Oat Flour,banking
Orange Blossom Water,banking
Orange Extract,banking
Palm Sugar,banking
Pastry Flour,banking
Pea Flour,banking
Pectin,banking
Potato Flour,banking
Potato Starch,banking
Powdered Sugar,banking
Psyllium Husk,banking
Quinoa Flour,banking
Rice Flour,banking
Rye Flour,banking
Sago Flour,banking
Semolina,banking
Self-Rising Flour,banking
Shortening,banking
Sorghum Flour,banking
Sourdough Starter,banking
Spelt Flour,banking
Sprinkles,banking
Stevia,banking
Sweet Rice Flour,banking
Tapioca Flour,banking
Tapioca Starch,banking
Teff Flour,banking
Turbinado Sugar,banking
Vanilla Bean,banking
Vanilla Extract,banking
Vanilla Paste,banking
Vegetable Shortening,banking
Vital Wheat Gluten,banking
Water Chestnut Flour,banking
Wheat Bran,banking
Wheat Germ,banking
White Rice Flour,banking
Whole Wheat Flour,banking
Xanthan Gum,banking
Yeast,banking
Yellow Corn Flour,banking
Kimchi,fermentedfoods
Sauerkraut,fermentedfoods
Pickled Vegetables,fermentedfoods
Pickled Ginger,fermentedfoods
Pickles,fermentedfoods
Fermented Black Beans,fermentedfoods
Fermented Tofu,fermentedfoods
Tempeh Starter,fermentedfoods
Kombucha,fermentedfoods
Kvass,fermentedfoods
Pickling Salt,pickling&preserving
Citric Acid,pickling&preserving
Ascorbic Acid,pickling&preserving
Lime,pickling&preserving
Preserving Sugar,pickling&preserving
Dried Mushrooms,umamiboosters
Porcini Powder,umamiboosters
Anchovy Paste,umamiboosters
Bonito Flakes,umamiboosters
Dashi Powder,umamiboosters
Shrimp Paste,umamiboosters
Truffle Oil,umamiboosters
Truffle Paste,umamiboosters
MSG,umamiboosters
Nutritional Yeast,umamiboosters
Almond Milk,alternativeproducts
Oat Milk,alternativeproducts
Coconut Milk,alternativeproducts
Coconut Cream,alternativeproducts
Cashew Cream,alternativeproducts
Plant Butter,alternativeproducts
Vegan Cheese,alternativeproducts
Vegan Egg Substitute,alternativeproducts
Red Wine,alcohol
White Wine,alcohol
Cooking Wine,alcohol
Mirin,alcohol
Sake,alcohol
Beer,alcohol
Brandy,alcohol
Rum,alcohol
Sherry,alcohol
Marsala,alcohol
Agar,moleculargastronomy
Carrageenan,moleculargastronomy
Lecithin,moleculargastronomy
Guar Gum,moleculargastronomy
Locust Bean Gum,moleculargastronomy
Isomalt,moleculargastronomy
Methylcellulose,moleculargastronomy
Shallots,fresharomatics
Green Onions,fresharomatics
Garlic,fresharomatics
Ginger Root,fresharomatics
Galangal,fresharomatics
Lemongrass,fresharomatics
Nasturtium,edibleflowers
Hibiscus,edibleflowers
Lavender,edibleflowers
Rose Petals,edibleflowers
Microgreens,edibleflowers
Agave Syrup,sweeteners
Date Syrup,sweeteners
Rice Syrup,sweeteners
Barley Malt Syrup,sweeteners
Yacon Syrup,sweeteners
Treacle,sweeteners
Sambal,spicypastes
Doubanjiang,spicypastes
Zhug,spicypastes
Chermoula,spicypastes
Achiote Paste,spicypastes
Curry Paste,spicypastes
Tamarind Paste,spicypastes
Wasabi Powder,spicypastes
